id,title,genre_ids,overview,release_date,vote_average,vote_count,poster_path,original_language,cast,director
1087192,How to Train Your Dragon,,"On the rugged isle of Berk, where Vikings and dragons have been bitter enemies for generations, Hiccup stands apart, defying centuries of tradition when he befriends Toothless, a feared Night Fury dragon. Their unlikely bond reveals the true nature of dragons, challenging the very foundations of Viking society.",2025-06-06,8.1,921,/q5pXRYTycaeW6dEgsCrd4mYPmxM.jpg,en,"['Mason Thames', 'Nico Parker', 'Gerard Butler']",Dean DeBlois
1071585,M3GAN 2.0,,"After the underlying tech for M3GAN is stolen and misused by a powerful defense contractor to create a military-grade weapon known as Amelia, M3GAN's creator Gemma realizes that the only option is to resurrect M3GAN and give her a few upgrades, making her faster, stronger, and more lethal.",2025-06-25,7.79,324,/4a63rQqIDTrYNdcnTXdPsQyxVLo.jpg,en,"['Jenna Davis', 'Allison Williams', 'Violet McGraw']",Gerard Johnstone
1315986,Man with No Past,,"Waking up in an unfamiliar city, a man with no memory must confront the mysteries of his own identity. However, his desperate search to uncover the past pits him against a powerful enemy, leading to a showdown that ultimately reveals the truth.",2025-01-13,6.417,18,/eWHvROuznSzcxBAAkzX1X0Rmzoe.jpg,en,"['Jon Voight', 'Adam Woodward', 'Marton Csokas']",James Bamford
1011477,Karate Kid: Legends,,"After a family tragedy, kung fu prodigy Li Fong is uprooted from his home in Beijing and forced to move to New York City with his mother. When a new friend needs his help, Li enters a karate competition – but his skills alone aren't enough. Li's kung fu teacher Mr. Han enlists original Karate Kid Daniel LaRusso for help, and Li learns a new way to fight, merging their two styles into one for the ultimate martial arts showdown.",2025-05-08,7.287,450,/AEgggzRr1vZCLY86MAp93li43z.jpg,en,"['Jackie Chan', 'Ben Wang', 'Ralph Macchio']",Jonathan Entwistle
1061474,Superman,,"Superman, a journalist in Metropolis, embarks on a journey to reconcile his Kryptonian heritage with his human upbringing as Clark Kent.",2025-07-09,7.5,867,/ombsmhYUqR4qqOLOxAyr5V8hbyv.jpg,en,"['David Corenswet', 'Rachel Brosnahan', 'Nicholas Hoult']",James Gunn
1374534,Bad Boa's,,"When an overeager community officer and a reckless ex-detective are forced to team up, plenty of chaos ensues on the streets of Rotterdam.",2025-07-10,5.814,70,/7bcndiaTgu1Kj5a6qyCmsWYdtI.jpg,nl,"['Jandino Asporaat', 'Werner Kolf', 'Mark Rietman']",Gonzalo Fernandez Carmona
1119878,Ice Road: Vengeance,,"Big rig ice road driver Mike McCann travels to Nepal to scatter his late brother’s ashes on Mt. Everest. While on a packed tour bus traversing the deadly 12,000 ft. terrain of the infamous Road to the Sky, McCann and his mountain guide encounter a group of mercenaries and must fight to save themselves, the busload of innocent travelers, and the local villagers’ homeland.",2025-06-27,7.013,120,/cQN9rZj06rXMVkk76UF1DfBAico.jpg,en,"['Liam Neeson', 'Fan Bingbing', 'Marcus Thomas']",Jonathan Hensleigh
541671,Ballerina,,"Taking place during the events of John Wick: Chapter 3 – Parabellum, Eve Macarro begins her training in the assassin traditions of the Ruska Roma.",2025-06-04,7.481,1052,/2VUmvqsHb6cEtdfscEA6fqqVzLg.jpg,en,"['Ana de Armas', 'Keanu Reeves', 'Ian McShane']",Len Wiseman
1234821,Jurassic World Rebirth,,"Five years after the events of Jurassic World Dominion, covert operations expert Zora Bennett is contracted to lead a skilled team on a top-secret mission to secure genetic material from the world's three most massive dinosaurs. When Zora's operation intersects with a civilian family whose boating expedition was capsized, they all find themselves stranded on an island where they come face-to-face with a sinister, shocking discovery that's been hidden from the world for decades.",2025-07-01,6.377,680,/q0fGCmjLu42MPlSO9OYWpI5w86I.jpg,en,"['Scarlett Johansson', 'Jonathan Bailey', 'Mahershala Ali']",Gareth Edwards
846422,The Old Guard 2,,Andy and her team of immortal warriors fight with renewed purpose as they face a powerful new foe threatening their mission to protect humanity.,2025-07-01,6.056,494,/wqfu3bPLJaEWJVk3QOm0rKhxf1A.jpg,en,"['Charlize Theron', 'KiKi Layne', 'Matthias Schoenaerts']",Victoria Mahoney
986056,Thunderbolts*,,"After finding themselves ensnared in a death trap, seven disillusioned castoffs must embark on a dangerous mission that will force them to confront the darkest corners of their pasts.",2025-04-30,7.425,1861,/hqcexYHbiTBfDIdDWxrxPtVndBX.jpg,en,"['Florence Pugh', 'Sebastian Stan', 'Julia Louis-Dreyfus']",Jake Schreier
1429744,ปากกัด ตีนถีบ,,"In a fight for survival against a horrifying army of zombies, a former Muay Thai fighter must use skill, speed and grit to save his girlfriend.",2025-07-09,6.778,99,/yHYj2t3NzsjkHVYa0bPri4sMBsg.jpg,th,"['Prin Suparat', 'Nuttanicha Dungwattanawanich', 'Wanvayla Boonnithipaisit']",Kulp Kaljareuk
749170,Heads of State,,"The UK Prime Minister and US President have a public rivalry that risks their countries' alliance. But when they become targets of a powerful enemy, they're forced to rely on each other as they go on a wild, multinational run. Allied with Noel, a brilliant MI6 agent, they must find a way to thwart a conspiracy that threatens the free world.",2025-07-02,7.0,473,/lVgE5oLzf7ABmzyASEVcjYyHI41.jpg,en,"['Idris Elba', 'John Cena', 'Priyanka Chopra Jonas']",Ilya Naishuller
803796,KPop Demon Hunters,,"When K-pop superstars Rumi, Mira and Zoey aren't selling out stadiums, they're using their secret powers to protect their fans from supernatural threats.",2025-06-20,8.576,666,/jfS5KEfiwsS35ieZvdUdJKkwLlZ.jpg,en,"['Arden Cho', 'May Hong', 'Ji-young Yoo']",Chris Appelhans
574475,Final Destination Bloodlines,,"Plagued by a violent recurring nightmare, college student Stefanie heads home to track down the one person who might be able to break the cycle and save her family from the grisly demise that inevitably awaits them all.",2025-05-14,7.192,1657,/6WxhEvFsauuACfv8HyoVX6mZKFj.jpg,en,"['Kaitlyn Santa Juana', 'Teo Briones', 'Rya Kihlstedt']",Adam B. Stein
552524,Lilo & Stitch,,The wildly funny and touching story of a lonely Hawaiian girl and the fugitive alien who helps to mend her broken family.,2025-05-17,7.2,856,/Y6pjszkKQUZ5uBbiGg7KWiCksJ.jpg,en,"['Maia Kealoha', 'Sydney Agudong', 'Chris Sanders']",Dean Fleischer Camp
1326106,アニメ『怪獣８号』第１期総集編／同時上映「保科の休日」,,"In a Kaiju-filled Japan, Kafka Hibino works in monster disposal. After reuniting with his childhood friend Mina Ashiro, a rising star in the anti-Kaiju Defense Force, he decides to pursue his abandoned dream of joining the Force, when he suddenly transforms into the powerful ""Kaiju No. 8."" An action-packed recap of the first season of Kaiju No. 8 and a new original episode, Hoshina's Day Off.",2025-03-28,7.875,24,/1aEfyTWUK8ZBk4aw7Ck0qEoF8PW.jpg,ja,"['Masaya Fukunishi', 'Wataru Katoh', 'Fairouz Ai']",Shigeyuki Miya
911430,F1,,Racing legend Sonny Hayes is coaxed out of retirement to lead a struggling Formula 1 team—and mentor a young hotshot driver—while chasing one more chance at glory.,2025-06-25,7.6,802,/9PXZIUsSDh4alB80jheWX4fhZmy.jpg,en,"['Brad Pitt', 'Damson Idris', 'Javier Bardem']",Joseph Kosinski
1311031,劇場版「鬼滅の刃」無限城編 第一章 猗窩座再来,,"As the Demon Slayer Corps members and Hashira engaged in a group strength training program, the Hashira Training, in preparation for the forthcoming battle against the demons, Muzan Kibutsuji appears at the Ubuyashiki Mansion. With the head of the Demon Corps in danger, Tanjiro and the Hashira rush to the headquarters but are plunged into a deep descent to a mysterious space by the hands of Muzan Kibutsuji.  The destination of where Tanjiro and Demon Slayer Corps have fallen is the demons' stronghold – the Infinity Castle. And so, the battleground is set as the final battle between the Demon Slayer Corps and the demons ignites.",2025-07-18,7.0,2,/aFRDH3P7TX61FVGpaLhKr6QiOC1.jpg,ja,"['Natsuki Hanae', 'Akari Kito', 'Yoshitsugu Matsuoka']",Haruo Sotozaki
1243341,Z-O-M-B-I-E-S 4: Dawn of the Vampires,,"A new adventure dawns for Zed and Addison when their summer road trip takes an unexpected detour, landing them in the middle of yet another monster rivalry: Daywalkers vs. Vampires. Tensions flare when Zed and Addison find themselves acting as camp counselors between the two opposing supernatural factions. With the help of Eliza and Willa, they must convince sworn enemies Nova and Victor to try to unite their warring worlds before an even greater threat endangers them all.",2025-07-10,7.036,69,/6rGsqBxI4r1YkS9FuraovWi465w.jpg,en,"['Meg Donnelly', 'Milo Manheim', 'Chandler Kinney']",Paul Hoen
1287536,Dora and the Search for Sol Dorado,,"Dora, Diego, and their new friends trek through the perilous dangers of the Amazonian jungle in search of the ancient and powerful treasure of Sol Dorado to keep it out of enemy hands.",2025-07-02,7.103,63,/r3d6u2n7iPoWNsSWwlJJWrDblOH.jpg,en,"['Daniella Pineda', 'Samantha Lorraine', 'Jacqueline Obradors']",Alberto Belli
7451,xXx,,"Xander Cage is your standard adrenaline junkie with no fear and a lousy attitude. When the US Government ""recruits"" him to go on a mission, he's not exactly thrilled. His mission: to gather information on an organization that may just be planning the destruction of the world, led by the nihilistic Yorgi.",2002-08-09,5.947,4465,/xeEw3eLeSFmJgXZzmF2Efww0q3s.jpg,en,"['Vin Diesel', 'Asia Argento', 'Marton Csokas']",Rob Cohen
1151031,Bring Her Back,,"Following the death of their father, a brother and sister are introduced to their new sibling by their foster mother, only to learn that she has a terrifying secret.",2025-05-28,7.402,281,/tObSf1VzzHt9xB0csanFtb3DRjf.jpg,en,"['Sally Hawkins', 'Billy Barratt', 'Sora Wong']",Michael Philippou
611251,女高生トリオ 性感試験,,"Three high school girls. One is experienced, one has fantasies and one is curious. What more will they learn before graduation?",1977-02-23,7.3,3,/9GSLrU0aoR6Pi2FQ0ttXV2thSxJ.jpg,ja,"['Kei Ogawa', 'Asami Morikawa', 'Nana Asada']",Nobuaki Shirai
1020910,Influencer,,"While struggling on a solo backpacking trip in Thailand, social media influencer Madison meets CW, who travels with ease and shows her a more uninhibited way of living. But CW's interest in her takes a darker turn.",2023-05-18,6.208,262,/mtXV301BF7pqwvRjsWhQo6sD10F.jpg,en,"['Cassandra Naud', 'Emily Tennant', 'Rory J. Saper']",Kurtis David Harder
1425045,Brick,,"When a mysterious brick wall encloses their apartment building overnight, Tim and Olivia must unite with their wary neighbors to get out alive.",2025-07-09,5.803,266,/vTX9CxFNEQOlfXsgqec7xmc5UtD.jpg,de,"['Matthias Schweighöfer', 'Ruby O. Fee', 'Frederick Lau']",Philip Koch
1246310,Madea's Destination Wedding,,Madea packs her best floral dresses and a whole lot of chaos when the Simmons family heads to the Bahamas for her grandniece's whirlwind wedding.,2025-07-10,5.917,42,/jwMwRucnAROgWo9WLLmIqzHmmzi.jpg,en,"['Tyler Perry', 'Xavier Smalls', 'Diamond White']",Tyler Perry
1257586,The Hangman,,"Troubled father Leon takes son camping in Appalachia. Local cult summons evil Hangman demon. Son goes missing. Leon must confront cult, monster to find him amid rising body count.",2024-05-30,5.957,47,/rij9Eh4RVXyPet8A1BNU8pDvtmu.jpg,en,"['LeJon Woods', 'Daniel Martin Berkey', 'Lindsey Dresbach']",Bruce Wemple
1246369,室町無頼,,"Set in war-torn 15th century Kyoto, on the eve of the Onin War, the movie centers on a band of outlaws led by Hyoe (Oizumi) a scoundrel whose lethal sword skills place him at the tip of the spear in a deadly uprising against the corrupt Shogunate and its army, led by former friend-turned-archrival, Doken (Tsutsumi).",2025-01-17,9.222,9,/6U0i0HsSCvhRW4IpGzdead6QRo3.jpg,ja,"['Yo Oizumi', 'Kento Nagao', 'Wakana Matsumoto']",Yu Irie
1357933,The Cellar,,"A young girl wakes up imprisoned underground, with amnesia. She must escape, unravel the mystery behind her captivity, and confront her personal struggles. A suspenseful tale of survival, truth, and inner turmoil unfolds.",2024-09-08,7.6,5,/tNUzN0zqewZEmvnmyFSiGUKUS82.jpg,en,"['Meghan Adara', 'Neil James', 'Charlotte Marshall']",Jamie Langlands
1278950,The Ritual,,"Two priests, one in crisis with his faith and the other confronting a turbulent past, must overcome their differences to perform a risky exorcism.",2025-04-18,5.962,104,/ktqPs5QyuF8SpKnipvVHb3fwD8d.jpg,en,"['Dan Stevens', 'Abigail Cowen', 'Al Pacino']",David Midell
575265,Mission: Impossible - The Final Reckoning,,"Ethan Hunt and team continue their search for the terrifying AI known as the Entity — which has infiltrated intelligence networks all over the globe — with the world's governments and a mysterious ghost from Hunt's past on their trail. Joined by new allies and armed with the means to shut the Entity down for good, Hunt is in a race against time to prevent the world as we know it from changing forever.",2025-05-17,7.2,946,/z53D72EAOxGRqdr7KXXWp9dJiDe.jpg,en,"['Tom Cruise', 'Hayley Atwell', 'Ving Rhames']",Christopher McQuarrie
950387,A Minecraft Movie,,"Four misfits find themselves struggling with ordinary problems when they are suddenly pulled through a mysterious portal into the Overworld: a bizarre, cubic wonderland that thrives on imagination. To get back home, they'll have to master this world while embarking on a magical quest with an unexpected, expert crafter, Steve.",2025-03-31,6.461,2077,/yFHHfHcUgGAxziP1C3lLt0q2T4s.jpg,en,"['Jason Momoa', 'Jack Black', 'Sebastian Eugene Hansen']",Jared Hess
675308,호텔 레이크,,"When Yoo-mi searches out her mother's friend at a hotel to drop off her younger sister, she falls into unexpected mystery and horror.",2020-04-29,6.405,21,/lWvi811WsBdBqFU8ZCg0ZWnHovQ.jpg,ko,"['Lee Se-young', 'Park Ji-young', 'Park Hyo-ju']",Yoon Eun-kyoung
1233413,Sinners,,"Trying to leave their troubled lives behind, twin brothers return to their hometown to start again, only to discover that an even greater evil is waiting to welcome them back.",2025-04-16,7.57,2065,/4CkZl1LK6a5rXBqJB2ZP77h3N5i.jpg,en,"['Michael B. Jordan', 'Hailee Steinfeld', 'Miles Caton']",Ryan Coogler
1084153,Sneaks,,"Ty, a misguided, one-of-a-kind designer sneaker, doesn’t know life outside the comforts of his velvet-lined shoebox. After his sister is stolen by a shady collector, Ty must venture into New York City to find and rescue her. In his adventure, Ty meets a ragtag group of footwear friends from all walks of life who help him find the courage to step outside of his shoebox and find his sole-mate.",2025-04-17,5.895,19,/3SipvmtH9VOyLmII9JLs34qFfil.jpg,en,"['Anthony Mackie', 'Martin Lawrence', 'Swae Lee']",Rob Edwards
1087891,The Amateur,,"After his life is turned upside down when his wife is killed in a London terrorist attack, a brilliant but introverted CIA decoder takes matters into his own hands when his supervisors refuse to take action.",2025-04-09,7.012,812,/SNEoUInCa5fAgwuEBMIMBGvkkh.jpg,en,"['Rami Malek', 'Holt McCallany', 'Danny Sapani']",James Hawes
605722,Long Distance,,"After crash-landing on an alien planet, an asteroid miner must contend with the challenges of his new surroundings, while making his way across the harsh terrain to the only other survivor – a woman who is trapped in her escape pod.",2024-07-12,6.349,162,/m5NKltgQqqyoWJNuK18IqEGRG7J.jpg,en,"['Anthony Ramos', 'Naomi Scott', 'Kristofer Hivju']",Josh Gordon
617126,The Fantastic Four: First Steps,,"Against the vibrant backdrop of a 1960s-inspired, retro-futuristic world, Marvel's First Family is forced to balance their roles as heroes with the strength of their family bond, while defending Earth from a ravenous space god called Galactus and his enigmatic Herald, Silver Surfer.",2025-07-23,8.4,7,/x26MtUlwtWD26d0G0FXcppxCJio.jpg,en,"['Pedro Pascal', 'Vanessa Kirby', 'Joseph Quinn']",Matt Shakman
1403735,లైలా,,"Sonu Model, a renowned beautician from the old city, is forced to disguise himself as Laila, leading to a series of comedic, romantic, and action-packed events. Chaos ensues in this hilarious laugh riot",2025-02-14,5.8,5,/l4gsNxFPGpzbq0D6QK1a8vO1lBz.jpg,te,"['Vishwak Sen', 'Akanksha Sharma', 'Babloo Prithiveeraj']",Ram Narayan
1103731,In Vitro,,"On an isolated cattle farm, a couple experimenting with biotechnology have their lives upended when they discover a disturbing presence on their property.",2025-03-27,8.2,5,/oADha0l3dCm68rQfFL2AvZPs8pl.jpg,en,"['Talia Zucker', 'Ashley Zukerman', 'Daniel Ciurte']",Tom McKeith
1090007,First Shift,,"NYPD veteran Mike and rookie Angela tackle a high-stakes day on New York's toughest streets, diving headfirst into a vortex of danger and action. Their adrenaline-fueled pursuits and unexpected threats unfold as they navigate perilous encounters. Amidst the chaos, intense challenges forge unbreakable bonds.",2024-08-30,5.5,32,/ajsGI4JYaciPIe3gPgiJ3Vw5Vre.jpg,en,"['Gino Anthony Pesi', 'Kristen Renton', 'James McMenamin']",Uwe Boll
1442776,Kuang Bao Ju Xi,,"A young man climbs into the mountains to pick up a meteorite that has fallen there and is killed by something. The ""thing"" descends to the village and begins to eat the inhabitants one by one, terrorizing the entire island.",2024-03-27,6.12,25,/9TFaFsSXedaALXTzba349euDeoY.jpg,zh,['Sammy Sum'],Cecil Man Ching Cheng
1100988,28 Years Later,,"Twenty-eight years since the rage virus escaped a biological weapons laboratory, now, still in a ruthlessly enforced quarantine, some have found ways to exist amidst the infected. One such group lives on a small island connected to the mainland by a single, heavily-defended causeway. When one member departs on a mission into the dark heart of the mainland, he discovers secrets, wonders, and horrors that have mutated not only the infected but other survivors as well.",2025-06-18,7.134,594,/8UdOukfuqbsCgvQGB8L2TaXeLFW.jpg,en,"['Jodie Comer', 'Aaron Taylor-Johnson', 'Alfie Williams']",Danny Boyle
1010581,Culpa mía,,"Noah must leave her city, boyfriend, and friends to move into William Leister's mansion, the flashy and wealthy husband of her mother Rafaela. As a proud and independent 17 year old, Noah resists living in a mansion surrounded by luxury. However, it is there where she meets Nick, her new stepbrother, and the clash of their strong personalities becomes evident from the very beginning.",2023-06-08,7.8,3742,/w46Vw536HwNnEzOa7J24YH9DPRS.jpg,es,"['Nicole Wallace', 'Gabriel Guevara', 'Marta Hazas']",Domingo González
1241982,Moana 2,,"After receiving an unexpected call from her wayfinding ancestors, Moana journeys alongside Maui and a new crew to the far seas of Oceania and into dangerous, long-lost waters for an adventure unlike anything she's ever faced.",2024-11-21,7.068,2561,/aLVkiINlIeCkcZIzb7XHzPYgO6L.jpg,en,"['Auliʻi Cravalho', 'Dwayne Johnson', 'Hualālai Chung']",David G. Derrick Jr.
1414272,Belyas,,"Audrey Avila, Denise Esteban and Dani Yoshida star as sultry Belyas. A housewife who is tired of her controlling husband takes a different turn when two young prostitutes rent their apartment. As she befriends the two, she begins to admire the sexual freedom they have.",2025-02-07,7.35,10,/zPIaNQaQKtCIOs95x4GmaJ6omco.jpg,tl,"['Audrey Avila', 'Dani Yoshida', 'Denise Esteban']",G.B. Sampedro
1311844,The Twisters,,"A deadly patchwork of destructive cyclones is on an apocalyptic path of convergence at a populated Midwest city center. There, the twisters will merge into one mega tornado that threatens to obliterate the cities for hundreds of miles around.",2024-06-28,5.948,58,/9xjSHm0R9tII8JCWHS1VdbftFk1.jpg,en,"['Tiffany', 'Mark Justice', 'Kayla Fields']",Michael Su
715287,새엄마의 욕망,,"Sang-jin, who was envious of her neighbor after getting a beautiful wife, Ask your wife's friend Gian to take over the son's extracurricular teacher, Sang-jin, who left work early, accidentally sees Gian's shower. A man who wants to have sex with his son's tutor, And a son who wants to have a good time with a young stepmom, Ji-an and Jin-hee, who want money, are disappointed with her husband, and Bin-jin gives her body to a young son.",2020-05-29,7.36,25,/rYC6UyML4CU4zYiZVbDMrwnGyWW.jpg,ko,"['Lee Soo', 'Tae Hee', 'James']",Lee Dong-Joon
1197306,A Working Man,,"Levon Cade left behind a decorated military career in the black ops to live a simple life working construction. But when his boss's daughter, who is like family to him, is taken by human traffickers, his search to bring her home uncovers a world of corruption far greater than he ever could have imagined.",2025-03-26,6.7,1370,/6FRFIogh3zFnVWn7Z6zcYnIbRcX.jpg,en,"['Jason Statham', 'Jason Flemyng', 'Merab Ninidze']",David Ayer
1083433,I Know What You Did Last Summer,,"When five friends inadvertently cause a deadly car accident, they cover up their involvement and make a pact to keep it a secret rather than face the consequences. A year later, their past comes back to haunt them and they're forced to confront a horrifying truth: someone knows what they did last summer…and is hell-bent on revenge.",2025-07-16,5.9,39,/A06yXys3hrCWu8xiNoHCFLTG5SH.jpg,en,"['Madelyn Cline', 'Chase Sui Wonders', 'Jonah Hauer-King']",Jennifer Kaytin Robinson
1181039,鬼吹灯：献王虫谷,,"Adapted from the 3rd volume in the novel series ""Candle in the Tomb"" by Zhang Mu Ye. Hu Bayi, Wang Kaixuan, and Shiely Yang, infected with a curse, embark on a journey to King Xian's tomb to retrieve the Haochen Bead and break the curse. They face ancient organs, ghostly visions, explosive bugs, and a massive salamander.",2023-09-22,6.846,26,/7Hk1qxAvZi9H9cfBb4iHkoGjapH.jpg,zh,"['Luo Liqun', 'Zhang Weiwei', ""Hu Xue'er""]",Dai Yilin
870028,The Accountant²,,"When an old acquaintance is murdered, Wolff is compelled to solve the case. Realizing more extreme measures are necessary, Wolff recruits his estranged and highly lethal brother, Brax, to help. In partnership with Marybeth Medina, they uncover a deadly conspiracy, becoming targets of a ruthless network of killers who will stop at nothing to keep their secrets buried.",2025-04-23,7.188,1122,/kMDUS7VmFhb2coRfVBoGLR8ADBt.jpg,en,"['Ben Affleck', 'Jon Bernthal', 'Cynthia Addai-Robinson']",Gavin O'Connor
968171,性教育ママ,,"An erotic comedy depicting the sex adventures of  young wives living in an apartment complex, that are not satisfied with just having sex with their husbands.",1973-11-20,6.6,6,/xghWMg0pkBOdLHCTESyeyHU68wl.jpg,ja,"['Michiko Tsukasa', 'Rie Nakagawa', 'Yūko Katagiri']",Akira Kato
259872,Des jours plus belles que la nuit,,"Real-life young couple Wim and Floor spend an afternoon in the sunwashed rooms of a crumbling home in Belgium. In a unique twist, this artistic erotic documentary is edited in nearly real-time. In the slowness, we get the build, the sweetness, and the sexiness. Forget about fingersnapping fast editing. Slow is where it’s at.",2009-10-10,6.0,104,/uCkANtG6ezb7hjRKVudY3PUcbvn.jpg,fr,"['Wim van Damme', 'Floor Wyns']",Jennifer Lyon Bell
1406607,戏台,,"During the Republican era, wars and conflicts were frequent. On stage, the ""Overlord"" sings with resounding passion, while below, the absurd spectacle of life unfolds. They must both secure the opera troupe's livelihood and appease the audience in their seats. Once the curtain rises, how should this play be performed?",2025-07-12,10.0,1,/wSFGtkoz8SW6yIgu1Xvxs584QQt.jpg,zh,"['Chen Pei-Si', 'Huang Bo', 'Jiang Wu']",Chen Pei-Si
507086,Jurassic World Dominion,,"Four years after Isla Nublar was destroyed, dinosaurs now live—and hunt—alongside humans all over the world. This fragile balance will reshape the future and determine, once and for all, whether human beings are to remain the apex predators on a planet they now share with history's most fearsome creatures.",2022-06-01,6.65,6523,/jbAvCACjLf1ZG0unB2tdmx5HAf1.jpg,en,"['Chris Pratt', 'Bryce Dallas Howard', 'Laura Dern']",Colin Trevorrow
1376434,Predator: Killer of Killers,,"While three of the fiercest warriors in human history—a Viking raider, a ninja in feudal Japan, and a WWII pilot—are killers in their own right, they are merely prey for their new opponent: the ultimate killer of killers.",2025-06-05,7.974,725,/2XDQa6EmFHSA37j1t0w88vpWqj9.jpg,en,"['Lindsay LaVanchy', 'Louis Ozawa', 'Rick Gonzalez']",Dan Trachtenberg
846817,ليل,,Night has to trick the mother of the missing child into sleeping to save her soul.,2024-09-07,10.0,2,/wtNHVaiEWwc05Iwzu1gravgvtDo.jpg,ar,"['Hiam Abbass', 'Rafia Aridi', 'Salma Saleh']",Ahmad Saleh
1127110,Diablo,,"Ex-con Kris Chaney seizes the daughter of a Colombian gangster to fulfill a noble promise to the young girl's mother. When her father enlists both the criminal underworld and a psychotic killer to exact his revenge, Kris relies on everything he's ever learned to stay alive and keep his word.",2025-06-13,7.403,98,/uFQduVyYIinJy3eLjozgfl6Xtcn.jpg,en,"['Scott Adkins', 'Marko Zaror', 'Alanna de la Rosa']",Ernesto Díaz Espinoza
846817,ليل,,Night has to trick the mother of the missing child into sleeping to save her soul.,2024-09-07,10.0,2,/wtNHVaiEWwc05Iwzu1gravgvtDo.jpg,ar,"['Hiam Abbass', 'Rafia Aridi', 'Salma Saleh']",Ahmad Saleh
936108,Smurfs,,"When Papa Smurf is mysteriously taken by evil wizards, Razamel and Gargamel, Smurfette leads the Smurfs on a mission into the real world to save him. With the help of new friends, the Smurfs must discover what defines their destiny to save the universe.",2025-06-30,7.528,18,/8o6lkhL32xQJeB52IIG1us5BVey.jpg,en,"['Rihanna', 'James Corden', 'Nick Offerman']",Chris Miller
1005860,Seeds,,A Mohawk woman is hired as a social media influencer but is caught in a deadly cat-and-mouse game as she's forced to go to war to preserve her people's heritage from corporate interests.,2024-10-25,5.864,11,/A0oZJp3CCqKSeNLhkXEtHUqDJmx.jpg,en,"['Kaniehtiio Horn', 'Patrick Garrow', 'Dallas Goldtooth']",Kaniehtiio Horn
713364,Clown in a Cornfield,,"Quinn and her father have just moved to the quiet town of Kettle Springs hoping for a fresh start. Instead, she discovers a fractured community that has fallen on hard times after the treasured Baypen Corn Syrup Factory burned down. As the locals bicker amongst themselves and tensions boil over, a sinister, grinning figure emerges from the cornfields to cleanse the town of its burdens, one bloody victim at a time.",2025-05-08,6.3,161,/bghFYMUMEKK6GyTHRA7XVC8uWn6.jpg,en,"['Katie Douglas', 'Aaron Abrams', 'Carson MacCormac']",Eli Craig
447273,Snow White,,"Following the benevolent King's disappearance, the Evil Queen dominated the once fair land with a cruel streak. Princess Snow White flees the castle when the Queen, in her jealousy over Snow White's inner beauty, tries to kill her. Deep into the dark woods, she stumbles upon seven magical dwarves and a young bandit named Jonathan. Together, they strive to survive the Queen's relentless pursuit and aspire to take back the kingdom.",2025-03-12,4.289,1280,/xWWg47tTfparvjK0WJNX4xL8lW2.jpg,en,"['Rachel Zegler', 'Gal Gadot', 'Andrew Burnap']",Marc Webb
1412113,오징어 게임: 시즌2 제작 이야기,,"From set designs to character arcs, get exclusive cast and director interviews on how Season 2 of the globally most-watched series was brought to life.",2025-01-02,8.485,425,/yQGaui0bQ5Ai3KIFBB45nTeIqad.jpg,ko,"['Hwang Dong-hyuk', 'Lee Jung-jae', 'Lee Byung-hun']",
822119,Captain America: Brave New World,,"After meeting with newly elected U.S. President Thaddeus Ross, Sam finds himself in the middle of an international incident. He must discover the reason behind a nefarious global plot before the true mastermind has the entire world seeing red.",2025-02-12,6.0,2399,/pzIddUEMWhWzfvLI3TwxUG2wGoi.jpg,en,"['Anthony Mackie', 'Harrison Ford', 'Danny Ramirez']",Julius Onah
1506130,"Vale la pena, de Dani Rovira",,Actor and comedian Dani Rovira returns to the stage with an honest and hilarious take on finding light even in life's darkest moments.,2025-07-10,10.0,1,/6zXHrZ1wuOM4QRrEwzmYPQfZsUF.jpg,es,['Dani Rovira'],Dani Rovira
1239193,Deep Cover,,"Kat is an improv comedy teacher beginning to question if she’s missed her shot at success. When an undercover cop offers her the role of a lifetime, she recruits two of her students to infiltrate London’s gangland by impersonating dangerous criminals.",2025-06-12,6.703,323,/1vXTHTbSQJs9r2hp4Uk08XzKwPp.jpg,en,"['Bryce Dallas Howard', 'Orlando Bloom', 'Nick Mohammed']",Tom Kingsley
939243,Sonic the Hedgehog 3,,"Sonic, Knuckles, and Tails reunite against a powerful new adversary, Shadow, a mysterious villain with powers unlike anything they have faced before. With their abilities outmatched in every way, Team Sonic must seek out an unlikely alliance in hopes of stopping Shadow and protecting the planet.",2024-12-19,7.686,2779,/d8Ryb8AunYAuycVKDp5HpdWPKgC.jpg,en,"['Jim Carrey', 'Ben Schwartz', 'Keanu Reeves']",Jeff Fowler
10191,How to Train Your Dragon,,"As the son of a Viking leader on the cusp of manhood, shy Hiccup Horrendous Haddock III faces a rite of passage: he must kill a dragon to prove his warrior mettle. But after downing a feared dragon, he realizes that he no longer wants to destroy it, and instead befriends the beast – which he names Toothless – much to the chagrin of his warrior father.",2010-03-18,7.85,13610,/ygGmAO60t8GyqUo9xYeYxSZAR3b.jpg,en,"['Jay Baruchel', 'Gerard Butler', 'Craig Ferguson']",Dean DeBlois
950396,The Gorge,,"Two highly trained operatives grow close from a distance after being sent to guard opposite sides of a mysterious gorge. When an evil below emerges, they must work together to survive what lies within.",2025-02-13,7.723,2809,/7iMBZzVZtG0oBug4TfqDb9ZxAOa.jpg,en,"['Miles Teller', 'Anya Taylor-Joy', 'Sigourney Weaver']",Scott Derrickson
736350,Playboy Playmate Workout,,"Lynda Wiesmeier, Playmate of the Month July 1982, along with other Playmates",1983-01-01,10.0,1,/zNvrtwwOB1imM58d1Y4u3TQxKYW.jpg,en,"['Jeana Keough', 'Victoria Cooke', 'Karen Lorre']",Michael Trikilis
1241436,Warfare,,"A platoon of Navy SEALs embarks on a dangerous mission in Ramadi, Iraq, with the chaos and brotherhood of war retold through their memories of the event.",2025-04-09,7.159,759,/srj9rYrjefyWqkLc6l2xjTGeBGO.jpg,en,"[""D'Pharaoh Woon-A-Tai"", 'Will Poulter', 'Cosmo Jarvis']",Ray Mendoza
666154,Kayara,,"A courageous and athletic teenager, Kayara dreams that she is destined to be the first female to break into the league of Chasquis - the official messengers of the Incan empire. As she learns what it takes to be a Chasqui along with its challenges, she tackles every mission she gets and discovers the ancient stories of her land and her people.",2025-01-02,7.633,83,/tpZdjnoJ6Z3NsSxI6HjAIggrcEv.jpg,en,"['Naomi Serrano', 'Nate Begle', 'Charles Gonzales']",Cesar Zelada
1156593,Culpa tuya,,The love between Noah and Nick seems unwavering despite their parents' attempts to separate them. But his job and her entry into college open up their lives to new relationships that will shake the foundations of both their relationship and the Leister family itself.,2024-12-26,7.136,1303,/1sQA7lfcF9yUyoLYC0e6Zo3jmxE.jpg,es,"['Nicole Wallace', 'Gabriel Guevara', 'Marta Hazas']",Domingo González
1269208,84제곱미터,,"A man who poured his life savings into a new apartment discovers its walls are full of disturbing noises, hostile neighbors and unsettling secrets.",2025-07-17,7.4,10,/5hlNv3Kd9xovvSgrslWhMriGpZ8.jpg,ko,"['Kang Ha-neul', 'Yeom Hye-ran', 'Seo Hyun-woo']",Kim Tae-joon
1284120,Den stygge stesøsteren,,"In a fairy-tale kingdom where beauty is a brutal business, Elvira battles to compete with her incredibly beautiful stepsister, and she will go to any length to catch the prince’s eye.",2025-03-07,7.24,267,/crX9rSg9EohybhkEe8iTQUCe55y.jpg,no,"['Lea Myren', 'Ane Dahl Torp', 'Thea Sofie Loch Næss']",Emilie Blichfeldt
999243,Hell of a Summer,,"When 24-year-old Jason Hochberg arrives for counsellor weekend at his beloved Camp Pineway, his biggest problem is feeling out of touch with his teenage co-workers. Little does he know; a masked killer has murdered camp owners John and Kathy and is preparing to strike again.",2025-04-03,5.708,60,/q9rRLc9pRDR8H6YoJTmXrBmivxD.jpg,en,"['Finn Wolfhard', 'Billy Bryk', 'Fred Hechinger']",Finn Wolfhard
1022789,Inside Out 2,,"Teenager Riley's mind headquarters is undergoing a sudden demolition to make room for something entirely unexpected: new Emotions! Joy, Sadness, Anger, Fear and Disgust, who’ve long been running a successful operation by all accounts, aren’t sure how to feel when Anxiety shows up. And it looks like she’s not alone.",2024-06-11,7.556,5985,/vpnVM9B6NMmQpWeZvzLvDESb2QY.jpg,en,"['Amy Poehler', 'Maya Hawke', 'Kensington Tallman']",Kelsey Mann
666154,Kayara,,"A courageous and athletic teenager, Kayara dreams that she is destined to be the first female to break into the league of Chasquis - the official messengers of the Incan empire. As she learns what it takes to be a Chasqui along with its challenges, she tackles every mission she gets and discovers the ancient stories of her land and her people.",2025-01-02,7.633,83,/tpZdjnoJ6Z3NsSxI6HjAIggrcEv.jpg,en,"['Naomi Serrano', 'Nate Begle', 'Charles Gonzales']",Cesar Zelada
533535,Deadpool & Wolverine,,"A listless Wade Wilson toils away in civilian life with his days as the morally flexible mercenary, Deadpool, behind him. But when his homeworld faces an existential threat, Wade must reluctantly suit-up again with an even more reluctant Wolverine.",2024-07-24,7.6,7484,/8cdWjvZQUExUUTzyp4t6EDMubfO.jpg,en,"['Ryan Reynolds', 'Hugh Jackman', 'Emma Corrin']",Shawn Levy
815029,Довбуш,,"In the early eighteenth century, foreign rule means dark times for the Hutsuls of the Carpathians. The two Dovbush brothers become opryshkos - mountain outlaws. But the two brothers become enemies - one cares only about money, the other - Oleksa - fights for his people. The Carpathians are convulsed with a wave of uprisings. The aristocracy uses its military might to try to kill Dovbush and destroy his legend. But Dovbush outwits them. The desperate lords devise a devious plan and attack the invincible outlaw's Achilles heel - his love for his childhood sweetheart, Marichka. Who will be the assassin to attack the Opryshko whose immense strength and bravery inspired folk tales? Will the lords' treacherous plan destroy the hero before he can lead his people to freedom?",2023-08-24,7.3,27,/85HSmdR9xW0PJdnPsn8KaUfZPGI.jpg,uk,"['Serhiy Strelnykov', 'Darya Plakhtiy', 'Rostyslav Derzhypilskyi']",Oles Sanin
519182,Despicable Me 4,,"Gru and Lucy and their girls—Margo, Edith and Agnes—welcome a new member to the Gru family, Gru Jr., who is intent on tormenting his dad. Gru also faces a new nemesis in Maxime Le Mal and his femme fatale girlfriend Valentina, forcing the family to go on the run.",2024-06-20,7.0,2848,/wWba3TaojhK7NdycRhoQpsG0FaH.jpg,en,"['Steve Carell', 'Kristen Wiig', 'Will Ferrell']",Chris Renaud
1426776,STRAW,,What will be her last straw? A devastatingly bad day pushes a hardworking single mother to the breaking point — and into a shocking act of desperation.,2025-06-05,7.912,741,/t3cmnXYtxJb9vVL1ThvT2CWSe1n.jpg,en,"['Taraji P. Henson', 'Sherri Shepherd', 'Teyana Taylor']",Tyler Perry
829557,365 dni: Ten dzień,,"Laura and Massimo are back and hotter than ever. But the reunited couple's new beginning is complicated by Massimo’s family ties and a mysterious man who enters Laura’s life to win her heart and trust, at any cost.",2022-04-26,5.913,1743,/7qU0SOVcQ8BTJLodcAlulUAG16C.jpg,pl,"['Anna-Maria Sieklucka', 'Michele Morrone', 'Simone Susinna']",Barbara Białowąs
933260,The Substance,,"A fading celebrity decides to use a black market drug, a cell-replicating substance that temporarily creates a younger, better version of herself.",2024-09-07,7.141,4844,/q6HjZlvyKxYmhlRhnnxeyudzK9A.jpg,en,"['Demi Moore', 'Margaret Qualley', 'Dennis Quaid']",Coralie Fargeat
536554,M3GAN,,"A brilliant toy company roboticist uses artificial intelligence to develop M3GAN, a life-like doll programmed to emotionally bond with her newly orphaned niece. But when the doll's programming works too well, she becomes overprotective of her new friend with terrifying results.",2022-12-28,7.1,4348,/d9nBoowhjiiYc4FBNtQkPY7c11H.jpg,en,"['Allison Williams', 'Violet McGraw', 'Ronny Chieng']",Gerard Johnstone
82702,How to Train Your Dragon 2,,"Five years have passed since Hiccup and Toothless united the dragons and Vikings of Berk. Now, they spend their time charting unmapped territories. During one of their adventures, the pair discover a secret cave that houses hundreds of wild dragons -- and a mysterious dragon rider. Hiccup and Toothless find themselves at the center of a battle to protect Berk from a power-hungry warrior.",2014-06-05,7.676,9942,/d13Uj86LdbDLrfDoHR5aDOFYyJC.jpg,en,"['Jay Baruchel', 'Cate Blanchett', 'Gerard Butler']",Dean DeBlois
1100842,新婚シリーズ　最初が肝心,,1962 Japanese movie,1962-02-07,10.0,1,/f52F9CBy6nY5vmOv07FMsexyVpJ.jpg,ja,"['Kenji Imai', 'Hiroshi Minami', 'Hitomi Nakahara']",Shigeaki Hidaka
999243,Hell of a Summer,,"When 24-year-old Jason Hochberg arrives for counsellor weekend at his beloved Camp Pineway, his biggest problem is feeling out of touch with his teenage co-workers. Little does he know; a masked killer has murdered camp owners John and Kathy and is preparing to strike again.",2025-04-03,5.708,60,/q9rRLc9pRDR8H6YoJTmXrBmivxD.jpg,en,"['Finn Wolfhard', 'Billy Bryk', 'Fred Hechinger']",Finn Wolfhard
135397,Jurassic World,,"Twenty-two years after the events of Jurassic Park, Isla Nublar now features a fully functioning dinosaur theme park, Jurassic World, as originally envisioned by John Hammond.",2015-06-06,6.698,20845,/rhr4y79GpxQF9IsfJItRXVaoGs4.jpg,en,"['Chris Pratt', 'Bryce Dallas Howard', 'Irrfan Khan']",Colin Trevorrow
1240475,缉恶,,"The film tells the story of narcotics police officer Huang Mingjin and the ""mysterious figure"" Wei Yunzhou. Through completely different means and methods, in the process of calculating and wrestling with each other, they tear apart the facade of urban tranquility, exposing the underground drug network woven by the hidden hand ""Long Wang"", and ultimately eradicate the darkness with the sword of justice, revealing the dawn of light.",2024-07-18,6.75,8,/m5UBHbEjQJx3AkRZWRY6A4l4ZDT.jpg,zh,"['Xie Miao', 'Andy On', 'Andrew Lin Hoi']",Chris Huo
1022787,Elio,,"Elio, a space fanatic with an active imagination, finds himself on a cosmic misadventure where he must form new bonds with eccentric alien lifeforms, navigate a crisis of intergalactic proportions and somehow discover who he is truly meant to be.",2025-06-18,6.8,191,/w2ARwtc1zoh0pyfwmyhpZHwuXgK.jpg,en,"['Yonas Kibreab', 'Zoe Saldaña', 'Remy Edgerly']",Domee Shi
1011985,Kung Fu Panda 4,,"Po is gearing up to become the spiritual leader of his Valley of Peace, but also needs someone to take his place as Dragon Warrior. As such, he will train a new kung fu practitioner for the spot and will encounter a villain called the Chameleon who conjures villains from the past.",2024-03-02,7.058,3142,/nqXsAaQsKw2gKpkfhIgjXNDRqg7.jpg,en,"['Jack Black', 'Awkwafina', 'Viola Davis']",Mike Mitchell
1017163,범죄도시 4,,'Monster Cop' Ma Seok-do investigates an illegal online gambling business led by a former STS Baek and an IT genius CEO Chang. Ma proposes an unexpected alliance to Jang and begins hunting down the criminals.,2024-04-24,6.986,174,/yk38mNoJpsswmk9o7i7eLhO4mc.jpg,ko,"['Don Lee', 'Kim Moo-yul', 'Park Ji-hwan']",Heo Myeong-haeng
1130022,Sovereign,,"Struggling single father Jerry indoctrinates his son Joe into the sovereign citizen movement, teaching him that laws are mere illusions and freedom is something you take. But, as Jerry’s ideology consumes them, they are set on a collision course with a police chief who has spent his life upholding the rules that Jerry has spent his tearing down.",2025-07-11,6.7,15,/cWXUMfnMj4ioReprwsDZgt8sghK.jpg,en,"['Nick Offerman', 'Jacob Tremblay', 'Dennis Quaid']",Christian Swegal
157336,Interstellar,,The adventures of a group of explorers who make use of a newly discovered wormhole to surpass the limitations on human space travel and conquer the vast distances involved in an interstellar voyage.,2014-11-05,8.5,37446,/gEU2QniE6E77NI6lCU6MxlNBvIx.jpg,en,"['Matthew McConaughey', 'Anne Hathaway', 'Michael Caine']",Christopher Nolan
351286,Jurassic World: Fallen Kingdom,,"Three years after Jurassic World was destroyed, Isla Nublar now sits abandoned. When the island's dormant volcano begins roaring to life, Owen and Claire mount a campaign to rescue the remaining dinosaurs from this extinction-level event.",2018-06-06,6.542,12191,/270MrJNqJovumHXGE6SSt0zwUIF.jpg,en,"['Chris Pratt', 'Bryce Dallas Howard', 'Rafe Spall']",J.A. Bayona
1072890,异人之下,,"Zhang Chulan, who has been hiding his identity as an Inhuman, is caught up in the vortex of fighting between different Inhuman sects since he meets Feng Baobao, who has a mysterious background. As the secret that Zhang Chulan is the heir to the mysterious technique ""Air Body Source Stream"" is made public, the Inhuman world has started a fierce battle around him, with forces such as Nadutong, Quanxie Sect, Tianyi Sect, and so on appearing one by one and the battle is about to break out, but at this time, Zhang Chulan accidentally unveils the secret of the year....",2024-07-26,6.167,12,/iBBXdLCqxRrqTAXe0iIzhSAHc1Q.jpg,zh,"['Hu Xianxu', 'Vanda Margraf', 'William Feng']",Wuershan
